{"cameraMode":{"drawMode":0,"name":"Shaded","section":"Shading Mode"},"sceneLighting":true,"audioPlay":false,"sceneViewState":{"m_AlwaysRefresh":false,"showFog":true,"showSkybox":true,"showFlares":true,"showImageEffects":true,"showParticleSystems":true,"showVisualEffectGraphs":true,"m_FxEnabled":true},"in2DMode":false,"pivot":{"x":2.006835699081421,"y":-11.163625717163086,"z":19.85075569152832},"rotation":{"x":-0.359094500541687,"y":0.048124853521585467,"z":-0.018545033410191537,"w":-0.9318768978118897},"size":26.226459503173829,"orthographic":false}